Github_Testset,1,0,NIL
Github_Testset,2,0,NIL
Github_Testset,3,0,NIL
Github_Testset,4,0,NIL
Github_Testset,5,0,NIL
Github_Testset,6,0,NIL
Github_Testset,7,0,NIL
Github_Testset,8,0,NIL
Github_Testset,9,0,NIL
Github_Testset,10,0,NIL
Github_Testset,11,0,NIL
Github_Testset,12,0,NIL
Github_Testset,13,0,NIL
Github_Testset,14,0,NIL
Github_Testset,15,0,NIL
Github_Testset,16,0,NIL
Github_Testset,17,0,NIL
Github_Testset,18,0,NIL
Github_Testset,19,0,NIL
Github_Testset,20,0,NIL
Github_Testset,21,0,NIL
Github_Testset,22,0,NIL
Github_Testset,23,0,NIL
Github_Testset,24,0,NIL
Github_Testset,25,0,NIL
Github_Testset,26,0,NIL
Github_Testset,27,0,NIL
Github_Testset,28,0,NIL
Github_Testset,29,0,NIL
Github_Testset,30,0,NIL
Github_Testset,31,0,NIL
Github_Testset,32,0,NIL
Github_Testset,33,0,NIL
Github_Testset,34,0,NIL
Github_Testset,35,0,NIL
Github_Testset,36,0,NIL
Github_Testset,37,0,NIL
Github_Testset,38,0,NIL
Github_Testset,39,0,NIL
Github_Testset,40,0,NIL
Github_Testset,41,0,NIL
Github_Testset,42,0,NIL
Github_Testset,43,0,NIL
Github_Testset,44,0,NIL
Github_Testset,45,0,NIL
Github_Testset,46,0,NIL
Github_Testset,47,0,NIL
Github_Testset,48,0,NIL
Github_Testset,49,0,NIL
Github_Testset,50,0,NIL
Github_Testset,51,0,NIL
Github_Testset,52,0,NIL
Github_Testset,53,0,NIL
Github_Testset,54,0,NIL
Github_Testset,55,0,NIL
Github_Testset,56,0,NIL
Github_Testset,57,0,NIL
Github_Testset,58,0,NIL
Github_Testset,59,0,NIL
Github_Testset,60,0,NIL
Github_Testset,61,0,NIL
Github_Testset,62,0,NIL
Github_Testset,63,0,NIL
Github_Testset,64,0,NIL
Github_Testset,65,0,NIL
Github_Testset,66,0,NIL
Github_Testset,67,0,NIL
Github_Testset,68,0,NIL
Github_Testset,69,0,NIL
Github_Testset,70,0,NIL
Github_Testset,71,0,NIL
Github_Testset,72,0,NIL
Github_Testset,73,0,NIL
Github_Testset,74,0,NIL
Github_Testset,75,0,NIL
Github_Testset,76,0,NIL
Github_Testset,77,0,NIL
Github_Testset,78,0,NIL
Github_Testset,79,0,NIL
Github_Testset,80,0,NIL
Github_Testset,81,0,NIL
Github_Testset,82,0,NIL
Github_Testset,83,0,NIL
Github_Testset,84,0,NIL
Github_Testset,85,0,NIL
Github_Testset,86,0,NIL
Github_Testset,87,0,NIL
Github_Testset,88,0,NIL
Github_Testset,89,0,NIL
Github_Testset,90,0,NIL
Github_Testset,91,0,NIL
Github_Testset,92,0,NIL
Github_Testset,93,0,NIL
Github_Testset,94,0,NIL
Github_Testset,95,0,NIL
Github_Testset,96,0,NIL
Github_Testset,97,0,NIL
Github_Testset,98,0,NIL
Github_Testset,99,0,NIL
Github_Testset,100,0,NIL
Github_Testset,101,0,NIL
Github_Testset,102,0,NIL
Github_Testset,103,0,NIL
Github_Testset,104,0,NIL
Github_Testset,105,0,NIL
Github_Testset,106,0,NIL
Github_Testset,107,0,NIL
Github_Testset,108,0,NIL
Github_Testset,109,0,NIL
Github_Testset,110,0,NIL
Github_Testset,111,0,NIL
Github_Testset,112,0,NIL
Github_Testset,113,0,NIL
Github_Testset,114,0,NIL
Github_Testset,115,0,NIL
Github_Testset,116,0,NIL
Github_Testset,117,0,NIL
Github_Testset,118,0,NIL
Github_Testset,119,0,NIL
Github_Testset,120,0,NIL
Github_Testset,121,0,NIL
Github_Testset,122,0,NIL
Github_Testset,123,0,NIL
Github_Testset,124,0,NIL
Github_Testset,125,0,NIL
Github_Testset,126,0,NIL
Github_Testset,127,0,NIL
Github_Testset,128,0,NIL
Github_Testset,129,0,NIL
Github_Testset,130,0,NIL
Github_Testset,131,0,NIL
Github_Testset,132,0,NIL
Github_Testset,133,0,NIL
Github_Testset,134,0,NIL
Github_Testset,135,0,NIL
Github_Testset,136,0,NIL
Github_Testset,137,0,NIL
Github_Testset,138,0,NIL
Github_Testset,139,0,NIL
Github_Testset,140,0,NIL
Github_Testset,141,0,NIL
Github_Testset,142,0,NIL
Github_Testset,143,0,NIL
Github_Testset,144,0,NIL
Github_Testset,145,0,NIL
Github_Testset,146,0,NIL
Github_Testset,147,0,NIL
Github_Testset,148,0,NIL
Github_Testset,149,0,NIL
Github_Testset,150,0,NIL
Github_Testset,151,0,NIL
Github_Testset,152,0,NIL
Github_Testset,153,0,NIL
Github_Testset,154,0,NIL
Github_Testset,155,0,NIL
Github_Testset,156,0,NIL
Github_Testset,157,0,NIL
Github_Testset,158,0,NIL
Github_Testset,159,0,NIL
Github_Testset,160,0,NIL
Github_Testset,161,0,NIL
Github_Testset,162,0,NIL
Github_Testset,163,0,NIL
Github_Testset,164,0,NIL
Github_Testset,165,0,NIL
Github_Testset,166,0,NIL
Github_Testset,167,0,NIL
Github_Testset,168,0,NIL
Github_Testset,169,0,NIL
Github_Testset,170,0,NIL
Github_Testset,171,0,NIL
Github_Testset,172,0,NIL
Github_Testset,173,0,NIL
Github_Testset,174,0,NIL
Github_Testset,175,0,NIL
Github_Testset,176,0,NIL
Github_Testset,177,0,NIL
Github_Testset,178,0,NIL
Github_Testset,179,0,NIL
Github_Testset,180,0,NIL
Github_Testset,181,0,NIL
Github_Testset,182,0,NIL
Github_Testset,183,0,NIL
Github_Testset,184,0,NIL
Github_Testset,185,0,NIL
Github_Testset,186,0,NIL
Github_Testset,187,0,NIL
Github_Testset,188,0,NIL
Github_Testset,189,0,NIL
Github_Testset,190,0,NIL
Github_Testset,191,0,NIL
Github_Testset,192,0,NIL
Github_Testset,193,0,NIL
Github_Testset,194,0,NIL
Github_Testset,195,0,NIL
Github_Testset,196,0,NIL
Github_Testset,197,0,NIL
Github_Testset,198,0,NIL
Github_Testset,199,0,NIL
Github_Testset,200,0,NIL
Github_Testset,201,0,NIL
Github_Testset,202,0,NIL
Github_Testset,203,0,NIL
Github_Testset,204,0,NIL
Github_Testset,205,0,NIL
Github_Testset,206,0,NIL
Github_Testset,207,0,NIL
Github_Testset,208,0,NIL
Github_Testset,209,0,NIL
Github_Testset,210,0,NIL
Github_Testset,211,0,NIL
Github_Testset,212,0,NIL
Github_Testset,213,0,NIL
Github_Testset,214,0,NIL
Github_Testset,215,0,NIL
Github_Testset,216,0,NIL
Github_Testset,217,0,NIL
Github_Testset,218,0,NIL
Github_Testset,219,0,Q101002044
Github_Testset,220,0,Q101014560
Github_Testset,221,0,Q10302556
Github_Testset,222,0,Q10302640
Github_Testset,223,0,Q1034621
Github_Testset,224,0,Q10358176
Github_Testset,225,0,Q1043403
Github_Testset,226,0,Q1049470
Github_Testset,227,0,Q105006683
Github_Testset,228,0,Q10541776
Github_Testset,229,0,Q106548172
Github_Testset,230,0,Q107339059
Github_Testset,231,0,Q107518033
Github_Testset,232,0,Q107639776
Github_Testset,233,0,Q109351566
Github_Testset,234,0,Q109450250
Github_Testset,235,0,Q1108172
Github_Testset,236,0,Q11132721
Github_Testset,237,0,Q112112465
Github_Testset,238,0,Q1131055
Github_Testset,239,0,Q114403558
Github_Testset,240,0,Q1150419
Github_Testset,241,0,Q1165638
Github_Testset,242,0,Q116960702
Github_Testset,243,0,Q12008442
Github_Testset,244,0,Q1230739
Github_Testset,245,0,Q123512446
Github_Testset,246,0,Q1236136
Github_Testset,247,0,Q124251933
Github_Testset,248,0,Q12446581
Github_Testset,249,0,Q124485845
Github_Testset,250,0,Q124538126
Github_Testset,251,0,Q126400819
Github_Testset,252,0,Q126477137
Github_Testset,253,0,Q1273188
Github_Testset,254,0,Q129571878
Github_Testset,255,0,Q1312762
Github_Testset,256,0,Q1364550
Github_Testset,257,0,Q1367256
Github_Testset,258,0,Q1430331
Github_Testset,259,0,Q1472245
Github_Testset,260,0,Q1472358
Github_Testset,261,0,Q14799
Github_Testset,262,0,Q149433
Github_Testset,263,0,Q151510
Github_Testset,264,0,Q1515763
Github_Testset,265,0,Q152838
Github_Testset,266,0,Q15292698
Github_Testset,267,0,Q153012
Github_Testset,268,0,Q153265
Github_Testset,269,0,Q153978
Github_Testset,270,0,Q15731832
Github_Testset,271,0,Q157808
Github_Testset,272,0,Q158158
Github_Testset,273,0,Q15934902
Github_Testset,274,0,Q15944611
Github_Testset,275,0,Q159614
Github_Testset,276,0,Q16211951
Github_Testset,277,0,Q1622083
Github_Testset,278,0,Q1640731
Github_Testset,279,0,Q1661242
Github_Testset,280,0,Q16639197
Github_Testset,281,0,Q16683212
Github_Testset,282,0,Q16934563
Github_Testset,283,0,Q16973081
Github_Testset,284,0,Q169939
Github_Testset,285,0,Q17056176
Github_Testset,286,0,Q17056472
Github_Testset,287,0,Q17153156
Github_Testset,288,0,Q173395
Github_Testset,289,0,Q173395
Github_Testset,290,0,Q17518896
Github_Testset,291,0,Q1781263
Github_Testset,292,0,Q1781394
Github_Testset,293,0,Q1783178
Github_Testset,294,0,Q1809448
Github_Testset,295,0,Q18128427
Github_Testset,296,0,Q1814795
Github_Testset,297,0,Q18246842
Github_Testset,298,0,Q18389376
Github_Testset,299,0,Q18391836
Github_Testset,300,0,Q1851075
Github_Testset,301,0,Q1851075
Github_Testset,302,0,Q1912108
Github_Testset,303,0,Q193510
Github_Testset,304,0,Q194360
Github_Testset,305,0,Q1979891
Github_Testset,306,0,Q20819929
Github_Testset,307,0,Q2092358
Github_Testset,308,0,Q2106448
Github_Testset,309,0,Q21178906
Github_Testset,310,0,Q21190510
Github_Testset,311,0,Q21190683
Github_Testset,312,0,Q2145077
Github_Testset,313,0,Q2154085
Github_Testset,314,0,Q2166335
Github_Testset,315,0,Q22073382
Github_Testset,316,0,Q22074922
Github_Testset,317,0,Q22080336
Github_Testset,318,0,Q221653
Github_Testset,319,0,Q22956043
Github_Testset,320,0,Q2297063
Github_Testset,321,0,Q2299797
Github_Testset,322,0,Q2299797
Github_Testset,323,0,Q23044836
Github_Testset,324,0,Q230899
Github_Testset,325,0,Q23101
Github_Testset,326,0,Q23102
Github_Testset,327,0,Q2357618
Github_Testset,328,0,Q23680052
Github_Testset,329,0,Q2373251
Github_Testset,330,0,Q2392255
Github_Testset,331,0,Q24170810
Github_Testset,332,0,Q248
Github_Testset,333,0,Q24882795
Github_Testset,334,0,Q24904684
Github_Testset,335,0,Q25464039
Github_Testset,336,0,Q2549114
Github_Testset,337,0,Q257467
Github_Testset,338,0,Q2583993
Github_Testset,339,0,Q258748
Github_Testset,340,0,Q261506
Github_Testset,341,0,Q262760
Github_Testset,342,0,Q270222
Github_Testset,343,0,Q2723182
Github_Testset,344,0,Q272951
Github_Testset,345,0,Q28129691
Github_Testset,346,0,Q28228137
Github_Testset,347,0,Q2825507
Github_Testset,348,0,Q2827151
Github_Testset,349,0,Q283233
Github_Testset,350,0,Q28403355
Github_Testset,351,0,Q2865926
Github_Testset,352,0,Q2866017
Github_Testset,353,0,Q28678121
Github_Testset,354,0,Q2869596
Github_Testset,355,0,Q294520
Github_Testset,356,0,Q30255145
Github_Testset,357,0,Q30261398
Github_Testset,358,0,Q30273786
Github_Testset,359,0,Q30294490
Github_Testset,360,0,Q30297818
Github_Testset,361,0,Q30338431
Github_Testset,362,0,Q3146518
Github_Testset,363,0,Q3178400
Github_Testset,364,0,Q319078
Github_Testset,365,0,Q3214427
Github_Testset,366,0,Q32746
Github_Testset,367,0,Q3300084
Github_Testset,368,0,Q3331496
Github_Testset,369,0,Q3348743
Github_Testset,370,0,Q3496652
Github_Testset,371,0,Q3551402
Github_Testset,372,0,Q3551417
Github_Testset,373,0,Q3554165
Github_Testset,374,0,Q3558
Github_Testset,375,0,Q356474
Github_Testset,376,0,Q3567000
Github_Testset,377,0,Q3772943
Github_Testset,378,0,Q380
Github_Testset,379,0,Q3848464
Github_Testset,380,0,Q3884
Github_Testset,381,0,Q39056170
Github_Testset,382,0,Q392189
Github_Testset,383,0,Q395182
Github_Testset,384,0,Q39913
Github_Testset,385,0,Q39949
Github_Testset,386,0,Q39949
Github_Testset,387,0,Q4036041
Github_Testset,388,0,Q4046835
Github_Testset,389,0,Q416624
Github_Testset,390,0,Q4320091
Github_Testset,391,0,Q43401
Github_Testset,392,0,Q43406
Github_Testset,393,0,Q43452
Github_Testset,394,0,Q4381702
Github_Testset,395,0,Q43896638
Github_Testset,396,0,Q456157
Github_Testset,397,0,Q456157
Github_Testset,398,0,Q459506
Github_Testset,399,0,Q4614
Github_Testset,400,0,Q4661410
Github_Testset,401,0,Q4686264
Github_Testset,402,0,Q4731377
Github_Testset,403,0,Q47457075
Github_Testset,404,0,Q4748684
Github_Testset,405,0,Q4748684
Github_Testset,406,0,Q478214
Github_Testset,407,0,Q4806818
Github_Testset,408,0,Q4811938
Github_Testset,409,0,Q483551
Github_Testset,410,0,Q4855949
Github_Testset,411,0,Q48740825
Github_Testset,412,0,Q487907
Github_Testset,413,0,Q4881210
Github_Testset,414,0,Q491714
Github_Testset,415,0,Q501841
Github_Testset,416,0,Q5055813
Github_Testset,417,0,Q5061828
Github_Testset,418,0,Q5063092
Github_Testset,419,0,Q50866814
Github_Testset,420,0,Q5120480
Github_Testset,421,0,Q5275937
Github_Testset,422,0,Q5402537
Github_Testset,423,0,Q5440478
Github_Testset,424,0,Q5446791
Github_Testset,425,0,Q54933259
Github_Testset,426,0,Q5508996
Github_Testset,427,0,Q552581
Github_Testset,428,0,Q5533481
Github_Testset,429,0,Q55612178
Github_Testset,430,0,Q556308
Github_Testset,431,0,Q56072164
Github_Testset,432,0,Q56316472
Github_Testset,433,0,Q56403399
Github_Testset,434,0,Q56407219
Github_Testset,435,0,Q5641272
Github_Testset,436,0,Q56481140
Github_Testset,437,0,Q56651010
Github_Testset,438,0,Q56815975
Github_Testset,439,0,Q56847021
Github_Testset,440,0,Q5969562
Github_Testset,441,0,Q601956
Github_Testset,442,0,Q6040337
Github_Testset,443,0,Q62007260
Github_Testset,444,0,Q622906
Github_Testset,445,0,Q631047
Github_Testset,446,0,Q634815
Github_Testset,447,0,Q6360885
Github_Testset,448,0,Q645663
Github_Testset,449,0,Q6491815
Github_Testset,450,0,Q651233
Github_Testset,451,0,Q659080
Github_Testset,452,0,Q67182995
Github_Testset,453,0,Q67572764
Github_Testset,454,0,Q684011
Github_Testset,455,0,Q684825
Github_Testset,456,0,Q686329
Github_Testset,457,0,Q689617
Github_Testset,458,0,Q6944541
Github_Testset,459,0,Q697111
Github_Testset,460,0,Q6978865
Github_Testset,461,0,Q7015807
Github_Testset,462,0,Q707272
Github_Testset,463,0,Q71060894
Github_Testset,464,0,Q7267826
Github_Testset,465,0,Q73417264
Github_Testset,466,0,Q739627
Github_Testset,467,0,Q7410499
Github_Testset,468,0,Q7523091
Github_Testset,469,0,Q752663
Github_Testset,470,0,Q7603604
Github_Testset,471,0,Q764850
Github_Testset,472,0,Q7669886
Github_Testset,473,0,Q77084416
Github_Testset,474,0,Q783627
Github_Testset,475,0,Q7887621
Github_Testset,476,0,Q7894372
Github_Testset,477,0,Q7894646
Github_Testset,478,0,Q791179
Github_Testset,479,0,Q7939664
Github_Testset,480,0,Q7953597
Github_Testset,481,0,Q8027158
Github_Testset,482,0,Q836805
Github_Testset,483,0,Q863813
Github_Testset,484,0,Q88857869
Github_Testset,485,0,Q9091527
Github_Testset,486,0,Q924265
Github_Testset,487,0,Q9295735
Github_Testset,488,0,Q95
Github_Testset,489,0,Q97040890
Github_Testset,490,0,Q981237
Github_Testset,491,0,Q986087
Github_Testset,492,0,Q986087
Github_Testset,493,0,Q99286585
Github_Testset,494,0,Q999763
